[
    {
        "code": "F101",
        "name": "Apple",
        "price": 2.99
    },
    {
        "code": "F102",
        "name": "Orange",
        "price": 0.99
    },
    {
        "code": "F103",
        "name": "Banana",
        "price": 5.99
    },
    {
        "code": "E101",
        "name": "TV",
        "price": 199.99
    },
    {
        "code": "E102",
        "name": "X-Box One",
        "price": 299.99
    },
    {
        "code": "E103",
        "name": "iPhone 6 Plus",
        "price": 299.99
    },
    {
        "code": "HA101",
        "name": "Cup",
        "price": 3.99
    },
    {
        "code": "C101",
        "name": "Yogurt",
        "price": 0.49
    },
    {
        "code": "CL101",
        "name": "Hat",
        "price": 9.99
    }
]